{
  "model": "IsolationForest",
  "n_estimators": 300,
  "contamination": 0.07419354838709677,
  "threshold": 0.5848932259184929,
  "features": [
    "cpu_upf",
    "upf_replicas",
    "cpu_amf"
  ],
  "train_samples": 310,
  "test_samples": 78,
  "eval_on": "full_dataset",
  "recall": 0.9032258064516129,
  "fpr": 0.03081232492997199,
  "precision": 0.717948717948718,
  "f1": 0.8,
  "TP": 28,
  "FP": 11,
  "FN": 3,
  "TN": 346,
  "augmented": false
}
