{
  "model": "ARIMA",
  "order": [
    2,
    1,
    1
  ],
  "train_samples": 8064,
  "test_samples": 2016,
  "forecast_steps": 360,
  "mape_percent": 9.881358351343197,
  "rmse": 27.999364786210016,
  "mae": 22.734684555982415,
  "aic": 68086.07232896611,
  "bic": 68114.05249286485,
  "augmented": true
}