{
  "model": "ARIMA",
  "order": [
    3,
    0,
    1
  ],
  "train_samples": 334,
  "test_samples": 84,
  "forecast_steps": 84,
  "mape_percent": 3.644060844417761,
  "rmse": 0.09287620061265284,
  "mae": 0.07276359898151813,
  "aic": -63.654267902504955,
  "bic": -40.78742194464475
}